{
    "5": {
        "x": 1.4887355977906922,
        "y": -0.09411137253542251,
        "z": 0.5317136461527043
    }
}