{
    "5": {
        "x": 1.479989985218083,
        "y": -0.12665224648635842,
        "z": 0.5310407457528569
    }
}